x,y,x_unit,y_unit,series_id,condition,pdf_x_pt,pdf_y_pt,x_half_stroke_resolution,y_half_stroke_resolution
0,8.291438372e-10,V,A,vgs_2,VGS=5.5 V,105.4014816,554.8793335,0.00675657,0.067516
0.01,0.1595230585,V,A,vgs_2,VGS=5.5 V,106.2007032,553.6034511,0.00675657,0.067516
0.02,0.3116175641,V,A,vgs_2,VGS=5.5 V,106.9999247,552.3869831,0.00675657,0.067516
0.03,0.4629013658,V,A,vgs_2,VGS=5.5 V,107.7991462,551.1769991,0.00675657,0.067516
0.04,0.6172599349,V,A,vgs_2,VGS=5.5 V,108.5983678,549.9424229,0.00675657,0.067516
0.04474998534,0.6949963556,V,A,vgs_2,VGS=5.5 V,108.9779968,549.3206787,0.00675657,0.067516
0.05,0.7871824066,V,A,vgs_2,VGS=5.5 V,109.3975893,548.5833649,0.00675657,0.067516
0.06,0.9661014629,V,A,vgs_2,VGS=5.5 V,110.1968108,547.1523512,0.00675657,0.067516
0.07,1.147216059,V,A,vgs_2,VGS=5.5 V,110.9960324,545.7037774,0.00675657,0.067516
0.08,1.329437547,V,A,vgs_2,VGS=5.5 V,111.7952539,544.2463506,0.00675657,0.067516
0.09,1.512228698,V,A,vgs_2,VGS=5.5 V,112.5944754,542.7843675,0.00675657,0.067516
0.1,1.695259592,V,A,vgs_2,VGS=5.5 V,113.393697,541.3204669,0.00675657,0.067516
0.11,1.878292867,V,A,vgs_2,VGS=5.5 V,114.1929185,539.8565473,0.00675657,0.067516
0.12,2.061133506,V,A,vgs_2,VGS=5.5 V,114.99214,538.3941684,0.00675657,0.067516
0.13,2.24360117,V,A,vgs_2,VGS=5.5 V,115.7913616,536.9347727,0.00675657,0.067516
0.14,2.425510705,V,A,vgs_2,VGS=5.5 V,116.5905831,535.4798408,0.00675657,0.067516
0.15,2.606653463,V,A,vgs_2,VGS=5.5 V,117.3898047,534.0310418,0.00675657,0.067516
0.16,2.786774536,V,A,vgs_2,VGS=5.5 V,118.1890262,532.5904143,0.00675657,0.067516
0.17,2.965537402,V,A,vgs_2,VGS=5.5 V,118.9882477,531.1606499,0.00675657,0.067516
0.18,3.142461173,V,A,vgs_2,VGS=5.5 V,119.7874693,529.7455947,0.00675657,0.067516
0.19,3.316791702,V,A,vgs_2,VGS=5.5 V,120.5866908,528.3512806,0.00675657,0.067516
0.2,3.487185029,V,A,vgs_2,VGS=5.5 V,121.3859123,526.9884567,0.00675657,0.067516
0.21,3.650691946,V,A,vgs_2,VGS=5.5 V,122.1851339,525.6807109,0.00675657,0.067516
0.2134999701,3.705001432,V,A,vgs_2,VGS=5.5 V,122.464859,525.2463379,0.00675657,0.067516
0.22,3.803425034,V,A,vgs_2,VGS=5.5 V,122.9843554,524.4591354,0.00675657,0.067516
0.23,3.954248835,V,A,vgs_2,VGS=5.5 V,123.7835769,523.2528306,0.00675657,0.067516
0.24,4.104456233,V,A,vgs_2,VGS=5.5 V,124.5827985,522.0514559,0.00675657,0.067516
0.25,4.254111445,V,A,vgs_2,VGS=5.5 V,125.38202,520.8544976,0.00675657,0.067516
0.26,4.403248875,V,A,vgs_2,VGS=5.5 V,126.1812415,519.6616806,0.00675657,0.067516
0.27,4.551886323,V,A,vgs_2,VGS=5.5 V,126.9804631,518.4728624,0.00675657,0.067516
0.28,4.700031582,V,A,vgs_2,VGS=5.5 V,127.7796846,517.2879809,0.00675657,0.067516
0.29,4.847685207,V,A,vgs_2,VGS=5.5 V,128.5789061,516.1070315,0.00675657,0.067516
0.3,4.994842205,V,A,vgs_2,VGS=5.5 V,129.3781277,514.9300542,0.00675657,0.067516
0.31,5.141493365,V,A,vgs_2,VGS=5.5 V,130.1773492,513.7571226,0.00675657,0.067516
0.32,5.28762507,V,A,vgs_2,VGS=5.5 V,130.9765707,512.5883457,0.00675657,0.067516
0.33,5.433220155,V,A,vgs_2,VGS=5.5 V,131.7757923,511.4238607,0.00675657,0.067516
0.34,5.57825721,V,A,vgs_2,VGS=5.5 V,132.5750138,510.2638389,0.00675657,0.067516
0.35,5.722711241,V,A,vgs_2,VGS=5.5 V,133.3742353,509.1084802,0.00675657,0.067516
0.36,5.866552638,V,A,vgs_2,VGS=5.5 V,134.1734569,507.9580214,0.00675657,0.067516
0.37,6.00974707,V,A,vgs_2,VGS=5.5 V,134.9726784,506.8127371,0.00675657,0.067516
0.38,6.152254532,V,A,vgs_2,VGS=5.5 V,135.7718999,505.6729472,0.00675657,0.067516
0.39,6.294028914,V,A,vgs_2,VGS=5.5 V,136.5711215,504.5390207,0.00675657,0.067516
0.4,6.435016707,V,A,vgs_2,VGS=5.5 V,137.370343,503.4113853,0.00675657,0.067516
0.41,6.575155316,V,A,vgs_2,VGS=5.5 V,138.1695646,502.2905418,0.00675657,0.067516
0.42,6.714371345,V,A,vgs_2,VGS=5.5 V,138.9687861,501.1770772,0.00675657,0.067516
0.43,6.852578287,V,A,vgs_2,VGS=5.5 V,139.7680076,500.0716834,0.00675657,0.067516
0.44,6.989672984,V,A,vgs_2,VGS=5.5 V,140.5672292,498.9751854,0.00675657,0.067516
0.45,7.125530888,V,A,vgs_2,VGS=5.5 V,141.3664507,497.8885794,0.00675657,0.067516
0.46,7.260000042,V,A,vgs_2,VGS=5.5 V,142.1656722,496.8130808,0.00675657,0.067516
0.47,7.392891557,V,A,vgs_2,VGS=5.5 V,142.9648938,495.7502003,0.00675657,0.067516
0.48,7.523966489,V,A,vgs_2,VGS=5.5 V,143.7641153,494.7018491,0.00675657,0.067516
0.49,7.652914393,V,A,vgs_2,VGS=5.5 V,144.5633368,493.67051,0.00675657,0.067516
0.5,7.779321812,V,A,vgs_2,VGS=5.5 V,145.3625584,492.65949,0.00675657,0.067516
0.51,7.902613647,V,A,vgs_2,VGS=5.5 V,146.1617799,491.6733888,0.00675657,0.067516
0.52,8.021952055,V,A,vgs_2,VGS=5.5 V,146.9610014,490.7189076,0.00675657,0.067516
0.53,8.136027658,V,A,vgs_2,VGS=5.5 V,147.760223,489.8065187,0.00675657,0.067516
0.54,8.242574884,V,A,vgs_2,VGS=5.5 V,148.5594445,488.9543427,0.00675657,0.067516
0.5458750569,8.299999294,V,A,vgs_2,VGS=5.5 V,149.0289917,488.4950562,0.00675657,0.067516
0.55,8.337936432,V,A,vgs_2,VGS=5.5 V,149.358666,488.1916309,0.00675657,0.067516
0.56,8.425904897,V,A,vgs_2,VGS=5.5 V,150.1578876,487.4880498,0.00675657,0.067516
0.57,8.509614432,V,A,vgs_2,VGS=5.5 V,150.9571091,486.818532,0.00675657,0.067516
0.58,8.590158599,V,A,vgs_2,VGS=5.5 V,151.7563306,486.1743312,0.00675657,0.067516
0.59,8.66821822,V,A,vgs_2,VGS=5.5 V,152.5555522,485.550002,0.00675657,0.067516
0.6,8.744250445,V,A,vgs_2,VGS=5.5 V,153.3547737,484.9418882,0.00675657,0.067516
0.61,8.81857995,V,A,vgs_2,VGS=5.5 V,154.1539952,484.3473929,0.00675657,0.067516
0.62,8.891446366,V,A,vgs_2,VGS=5.5 V,154.9532168,483.7645996,0.00675657,0.067516
0.63,8.963032266,V,A,vgs_2,VGS=5.5 V,155.7524383,483.1920479,0.00675657,0.067516
0.64,9.033480797,V,A,vgs_2,VGS=5.5 V,156.5516599,482.6285931,0.00675657,0.067516
0.65,9.102905074,V,A,vgs_2,VGS=5.5 V,157.3508814,482.0733303,0.00675657,0.067516
0.66,9.171396947,V,A,vgs_2,VGS=5.5 V,158.1501029,481.525525,0.00675657,0.067516
0.67,9.239032285,V,A,vgs_2,VGS=5.5 V,158.9493245,480.9845704,0.00675657,0.067516
0.68,9.305872914,V,A,vgs_2,VGS=5.5 V,159.748546,480.4499719,0.00675657,0.067516
0.69,9.371970948,V,A,vgs_2,VGS=5.5 V,160.5477675,479.9213128,0.00675657,0.067516
0.7,9.43736942,V,A,vgs_2,VGS=5.5 V,161.3469891,479.3982489,0.00675657,0.067516
0.71,9.502105047,V,A,vgs_2,VGS=5.5 V,162.1462106,478.8804865,0.00675657,0.067516
0.72,9.566208242,V,A,vgs_2,VGS=5.5 V,162.9454321,478.3677823,0.00675657,0.067516
0.73,9.629704569,V,A,vgs_2,VGS=5.5 V,163.7446537,477.8599319,0.00675657,0.067516
0.74,9.692615153,V,A,vgs_2,VGS=5.5 V,164.5438752,477.3567664,0.00675657,0.067516
0.75,9.754957052,V,A,vgs_2,VGS=5.5 V,165.3430967,476.8581492,0.00675657,0.067516
0.76,9.816744612,V,A,vgs_2,VGS=5.5 V,166.1423183,476.3639657,0.00675657,0.067516
0.77,9.877987887,V,A,vgs_2,VGS=5.5 V,166.9415398,475.8741355,0.00675657,0.067516
0.78,9.938695146,V,A,vgs_2,VGS=5.5 V,167.7407613,475.3885924,0.00675657,0.067516
0.79,9.998870896,V,A,vgs_2,VGS=5.5 V,168.5399829,474.9073003,0.00675657,0.067516
0.8,10.05851746,V,A,vgs_2,VGS=5.5 V,169.3392044,474.4302408,0.00675657,0.067516
0.81,10.11763413,V,A,vgs_2,VGS=5.5 V,170.1384259,473.9574194,0.00675657,0.067516
0.82,10.17621758,V,A,vgs_2,VGS=5.5 V,170.9376475,473.4888627,0.00675657,0.067516
0.83,10.2342612,V,A,vgs_2,VGS=5.5 V,171.736869,473.0246237,0.00675657,0.067516
0.84,10.29175578,V,A,vgs_2,VGS=5.5 V,172.5360905,472.5647759,0.00675657,0.067516
0.85,10.34868832,V,A,vgs_2,VGS=5.5 V,173.3353121,472.1094233,0.00675657,0.067516
0.86,10.40504214,V,A,vgs_2,VGS=5.5 V,174.1345336,471.6586995,0.00675657,0.067516
0.87,10.46079631,V,A,vgs_2,VGS=5.5 V,174.9337551,471.2127718,0.00675657,0.067516
0.88,10.51592444,V,A,vgs_2,VGS=5.5 V,175.7329767,470.7718511,0.00675657,0.067516
0.89,10.57039482,V,A,vgs_2,VGS=5.5 V,176.5321982,470.3361912,0.00675657,0.067516
0.9,10.6241682,V,A,vgs_2,VGS=5.5 V,177.3314198,469.906106,0.00675657,0.067516
0.91,10.67719668,V,A,vgs_2,VGS=5.5 V,178.1306413,469.4819786,0.00675657,0.067516
0.92,10.72942074,V,A,vgs_2,VGS=5.5 V,178.9298628,469.064285,0.00675657,0.067516
0.93,10.78076761,V,A,vgs_2,VGS=5.5 V,179.7290844,468.6536073,0.00675657,0.067516
0.94,10.83114482,V,A,vgs_2,VGS=5.5 V,180.5283059,468.250685,0.00675657,0.067516
0.95,10.8804353,V,A,vgs_2,VGS=5.5 V,181.3275274,467.8564545,0.00675657,0.067516
0.96,10.92848562,V,A,vgs_2,VGS=5.5 V,182.126749,467.4721429,0.00675657,0.067516
0.97,10.97509217,V,A,vgs_2,VGS=5.5 V,182.9259705,467.0993788,0.00675657,0.067516
0.98,11.0199717,V,A,vgs_2,VGS=5.5 V,183.725192,466.7404275,0.00675657,0.067516
0.99,11.06271463,V,A,vgs_2,VGS=5.5 V,184.5244136,466.398565,0.00675657,0.067516
1,11.10268848,V,A,vgs_2,VGS=5.5 V,185.3236351,466.0788499,0.00675657,0.067516
1.008874994,11.13499804,V,A,vgs_2,VGS=5.5 V,186.0329437,465.8204346,0.00675657,0.067516
1.01,11.13883414,V,A,vgs_2,VGS=5.5 V,186.1228566,465.789753,0.00675657,0.067516
1.02,11.17107466,V,A,vgs_2,VGS=5.5 V,186.9220782,465.53189,0.00675657,0.067516
1.03,11.20059892,V,A,vgs_2,VGS=5.5 V,187.7212997,465.2957518,0.00675657,0.067516
1.04,11.22803113,V,A,vgs_2,VGS=5.5 V,188.5205212,465.076346,0.00675657,0.067516
1.05,11.25378613,V,A,vgs_2,VGS=5.5 V,189.3197428,464.8703548,0.00675657,0.067516
1.06,11.2781581,V,A,vgs_2,VGS=5.5 V,190.1189643,464.6754252,0.00675657,0.067516
1.07,11.30136338,V,A,vgs_2,VGS=5.5 V,190.9181858,464.4898269,0.00675657,0.067516
1.08,11.32356636,V,A,vgs_2,VGS=5.5 V,191.7174074,464.3122451,0.00675657,0.067516
1.09,11.34489653,V,A,vgs_2,VGS=5.5 V,192.5166289,464.1416441,0.00675657,0.067516
1.1,11.36545746,V,A,vgs_2,VGS=5.5 V,193.3158504,463.9771956,0.00675657,0.067516
1.11,11.38533333,V,A,vgs_2,VGS=5.5 V,194.115072,463.8182263,0.00675657,0.067516
1.12,11.4045937,V,A,vgs_2,VGS=5.5 V,194.9142935,463.6641798,0.00675657,0.067516
1.13,11.42329741,V,A,vgs_2,VGS=5.5 V,195.7135151,463.5145855,0.00675657,0.067516
1.14,11.44149391,V,A,vgs_2,VGS=5.5 V,196.5127366,463.369048,0.00675657,0.067516
1.15,11.45922607,V,A,vgs_2,VGS=5.5 V,197.3119581,463.2272243,0.00675657,0.067516
1.16,11.47653038,V,A,vgs_2,VGS=5.5 V,198.1111797,463.0888226,0.00675657,0.067516
1.17,11.49343901,V,A,vgs_2,VGS=5.5 V,198.9104012,462.9535856,0.00675657,0.067516
1.18,11.50998041,V,A,vgs_2,VGS=5.5 V,199.7096227,462.8212857,0.00675657,0.067516
1.19,11.52617947,V,A,vgs_2,VGS=5.5 V,200.5088443,462.6917239,0.00675657,0.067516
1.2,11.54205839,V,A,vgs_2,VGS=5.5 V,201.3080658,462.5647226,0.00675657,0.067516
1.21,11.55763665,V,A,vgs_2,VGS=5.5 V,202.1072873,462.440126,0.00675657,0.067516
1.22,11.57293231,V,A,vgs_2,VGS=5.5 V,202.9065089,462.3177897,0.00675657,0.067516
1.23,11.58796134,V,A,vgs_2,VGS=5.5 V,203.7057304,462.197586,0.00675657,0.067516
1.24,11.60273808,V,A,vgs_2,VGS=5.5 V,204.5049519,462.0793999,0.00675657,0.067516
1.25,11.61727595,V,A,vgs_2,VGS=5.5 V,205.3041735,461.9631245,0.00675657,0.067516
1.26,11.63158704,V,A,vgs_2,VGS=5.5 V,206.103395,461.848663,0.00675657,0.067516
1.27,11.64568189,V,A,vgs_2,VGS=5.5 V,206.9026165,461.7359309,0.00675657,0.067516
1.28,11.65957114,V,A,vgs_2,VGS=5.5 V,207.7018381,461.6248431,0.00675657,0.067516
1.29,11.67326354,V,A,vgs_2,VGS=5.5 V,208.5010596,461.5153298,0.00675657,0.067516
1.3,11.68676809,V,A,vgs_2,VGS=5.5 V,209.3002811,461.407319,0.00675657,0.067516
1.31,11.70009243,V,A,vgs_2,VGS=5.5 V,210.0995027,461.3007495,0.00675657,0.067516
1.32,11.71324394,V,A,vgs_2,VGS=5.5 V,210.8987242,461.1955624,0.00675657,0.067516
1.33,11.72622955,V,A,vgs_2,VGS=5.5 V,211.6979457,461.091702,0.00675657,0.067516
1.34,11.73905535,V,A,vgs_2,VGS=5.5 V,212.4971673,460.9891199,0.00675657,0.067516
1.35,11.75172739,V,A,vgs_2,VGS=5.5 V,213.2963888,460.8877676,0.00675657,0.067516
1.36,11.76425125,V,A,vgs_2,VGS=5.5 V,214.0956103,460.7876005,0.00675657,0.067516
1.37,11.77663177,V,A,vgs_2,VGS=5.5 V,214.8948319,460.6885797,0.00675657,0.067516
1.38,11.7888741,V,A,vgs_2,VGS=5.5 V,215.6940534,460.5906643,0.00675657,0.067516
1.39,11.80098252,V,A,vgs_2,VGS=5.5 V,216.493275,460.4938199,0.00675657,0.067516
1.4,11.81296145,V,A,vgs_2,VGS=5.5 V,217.2924965,460.3980111,0.00675657,0.067516
1.41,11.82481468,V,A,vgs_2,VGS=5.5 V,218.091718,460.3032077,0.00675657,0.067516
1.42,11.83654616,V,A,vgs_2,VGS=5.5 V,218.8909396,460.2093781,0.00675657,0.067516
1.43,11.84815936,V,A,vgs_2,VGS=5.5 V,219.6901611,460.1164945,0.00675657,0.067516
1.44,11.85965753,V,A,vgs_2,VGS=5.5 V,220.4893826,460.0245309,0.00675657,0.067516
1.45,11.87104391,V,A,vgs_2,VGS=5.5 V,221.2886042,459.9334614,0.00675657,0.067516
1.46,11.88232148,V,A,vgs_2,VGS=5.5 V,222.0878257,459.8432622,0.00675657,0.067516
1.47,11.89349302,V,A,vgs_2,VGS=5.5 V,222.8870472,459.753911,0.00675657,0.067516
1.48,11.90456133,V,A,vgs_2,VGS=5.5 V,223.6862688,459.6653855,0.00675657,0.067516
1.49,11.91552887,V,A,vgs_2,VGS=5.5 V,224.4854903,459.577666,0.00675657,0.067516
1.5,11.92639813,V,A,vgs_2,VGS=5.5 V,225.2847118,459.4907325,0.00675657,0.067516
1.51,11.93717142,V,A,vgs_2,VGS=5.5 V,226.0839334,459.4045665,0.00675657,0.067516
1.52,11.947851,V,A,vgs_2,VGS=5.5 V,226.8831549,459.3191501,0.00675657,0.067516
1.53,11.95843902,V,A,vgs_2,VGS=5.5 V,227.6823764,459.234466,0.00675657,0.067516
1.54,11.96893759,V,A,vgs_2,VGS=5.5 V,228.481598,459.1504974,0.00675657,0.067516
1.55,11.97934875,V,A,vgs_2,VGS=5.5 V,229.2808195,459.0672278,0.00675657,0.067516
1.56,11.9896746,V,A,vgs_2,VGS=5.5 V,230.080041,458.9846406,0.00675657,0.067516
1.57,11.99991715,V,A,vgs_2,VGS=5.5 V,230.8792626,458.9027196,0.00675657,0.067516
1.58,12.0100786,V,A,vgs_2,VGS=5.5 V,231.6784841,458.8214472,0.00675657,0.067516
1.59,12.02016113,V,A,vgs_2,VGS=5.5 V,232.4777056,458.740806,0.00675657,0.067516
1.6,12.03016733,V,A,vgs_2,VGS=5.5 V,233.2769272,458.6607753,0.00675657,0.067516
1.61,12.04010009,V,A,vgs_2,VGS=5.5 V,234.0761487,458.5813321,0.00675657,0.067516
1.62,12.04996294,V,A,vgs_2,VGS=5.5 V,234.8753703,458.502448,0.00675657,0.067516
1.63,12.05976054,V,A,vgs_2,VGS=5.5 V,235.6745918,458.4240857,0.00675657,0.067516
1.64,12.06949949,V,A,vgs_2,VGS=5.5 V,236.4738133,458.3461926,0.00675657,0.067516
1.648250095,12.07749713,V,A,vgs_2,VGS=5.5 V,237.1331787,458.2822266,0.00675657,0.067516
1.65,12.07918191,V,A,vgs_2,VGS=5.5 V,237.2730349,458.2687515,0.00675657,0.067516
1.66,12.0883798,V,A,vgs_2,VGS=5.5 V,238.0722564,458.1951859,0.00675657,0.067516
1.67,12.09697436,V,A,vgs_2,VGS=5.5 V,238.8714779,458.1264456,0.00675657,0.067516
1.68,12.10509428,V,A,vgs_2,VGS=5.5 V,239.6706995,458.0615016,0.00675657,0.067516
1.69,12.11282828,V,A,vgs_2,VGS=5.5 V,240.469921,457.9996443,0.00675657,0.067516
1.7,12.12024046,V,A,vgs_2,VGS=5.5 V,241.2691425,457.9403609,0.00675657,0.067516
1.71,12.12737895,V,A,vgs_2,VGS=5.5 V,242.0683641,457.8832665,0.00675657,0.067516
1.72,12.13428077,V,A,vgs_2,VGS=5.5 V,242.8675856,457.828065,0.00675657,0.067516
1.73,12.14097565,V,A,vgs_2,VGS=5.5 V,243.6668071,457.7745186,0.00675657,0.067516
1.74,12.1474873,V,A,vgs_2,VGS=5.5 V,244.4660287,457.7224378,0.00675657,0.067516
1.75,12.15383543,V,A,vgs_2,VGS=5.5 V,245.2652502,457.6716647,0.00675657,0.067516
1.76,12.16003632,V,A,vgs_2,VGS=5.5 V,246.0644717,457.6220693,0.00675657,0.067516
1.77,12.16610384,V,A,vgs_2,VGS=5.5 V,246.8636933,457.5735407,0.00675657,0.067516
1.78,12.17204977,V,A,vgs_2,VGS=5.5 V,247.6629148,457.5259845,0.00675657,0.067516
1.79,12.17788429,V,A,vgs_2,VGS=5.5 V,248.4621363,457.4793194,0.00675657,0.067516
1.8,12.18361624,V,A,vgs_2,VGS=5.5 V,249.2613579,457.4334747,0.00675657,0.067516
1.81,12.18925339,V,A,vgs_2,VGS=5.5 V,250.0605794,457.3883881,0.00675657,0.067516
1.82,12.19480253,V,A,vgs_2,VGS=5.5 V,250.8598009,457.3440055,0.00675657,0.067516
1.83,12.20026981,V,A,vgs_2,VGS=5.5 V,251.6590225,457.3002776,0.00675657,0.067516
1.84,12.20566056,V,A,vgs_2,VGS=5.5 V,252.458244,457.2571618,0.00675657,0.067516
1.85,12.21097967,V,A,vgs_2,VGS=5.5 V,253.2574655,457.214619,0.00675657,0.067516
1.86,12.21623151,V,A,vgs_2,VGS=5.5 V,254.0566871,457.1726143,0.00675657,0.067516
1.87,12.22142006,V,A,vgs_2,VGS=5.5 V,254.8559086,457.1311157,0.00675657,0.067516
1.88,12.22654897,V,A,vgs_2,VGS=5.5 V,255.6551302,457.0900941,0.00675657,0.067516
1.89,12.23162149,V,A,vgs_2,VGS=5.5 V,256.4543517,457.0495236,0.00675657,0.067516
1.9,12.23664067,V,A,vgs_2,VGS=5.5 V,257.2535732,457.0093796,0.00675657,0.067516
1.91,12.24160925,V,A,vgs_2,VGS=5.5 V,258.0527948,456.9696404,0.00675657,0.067516
1.92,12.24652986,V,A,vgs_2,VGS=5.5 V,258.8520163,456.9302848,0.00675657,0.067516
1.93,12.25140481,V,A,vgs_2,VGS=5.5 V,259.6512378,456.8912944,0.00675657,0.067516
1.94,12.25623632,V,A,vgs_2,VGS=5.5 V,260.4504594,456.8526516,0.00675657,0.067516
1.95,12.26102645,V,A,vgs_2,VGS=5.5 V,261.2496809,456.8143396,0.00675657,0.067516
1.96,12.26577713,V,A,vgs_2,VGS=5.5 V,262.0489024,456.7763432,0.00675657,0.067516
1.97,12.27049013,V,A,vgs_2,VGS=5.5 V,262.848124,456.738648,0.00675657,0.067516
1.98,12.27516716,V,A,vgs_2,VGS=5.5 V,263.6473455,456.7012407,0.00675657,0.067516
1.99,12.27980979,V,A,vgs_2,VGS=5.5 V,264.446567,456.6641084,0.00675657,0.067516
2,12.28441952,V,A,vgs_2,VGS=5.5 V,265.2457886,456.6272393,0.00675657,0.067516
